Handle,Title,Body (HTML),Vendor,Product Category,Type,Tags,Published,Option1 Name,Option1 Value,Option2 Name,Option2 Value,Variant SKU,Variant Grams,Variant Inventory Tracker,Variant Inventory Qty,Variant Inventory Policy,Variant Fulfillment Service,Variant Price,Variant Compare At Price,Variant Requires Shipping,Variant Taxable,Variant Barcode,Image Src,Image Position,Image Alt Text,Gift Card,SEO Title,SEO Description,Google Shopping / Google Product Category,Google Shopping / Gender,Google Shopping / Age Group,Google Shopping / Condition,Variant Image,Variant Weight Unit,Status
embroidered-a-line-dress-2271892,Embroidered A-Line Dress,"<p><strong>Color:</strong> Yellow</p>
<p><strong>Available Sizes:</strong> S, M, L, XL</p>
<p>Elegant <strong>Embroidered A-Line Dress</strong> — perfect for parties, evenings out, dates and special occasions.</p>
<p>✓ 7 days easy return &amp; exchange<br/>
✓ Free shipping available<br/>
✓ Delivery in 3-10 days<br/>
✓ Cash on delivery available</p>",,Apparel & Accessories > Clothing > Dresses,Dress,"dress,women,yellow,party wear",TRUE,Size,S,Color,Yellow,SAV-2271892-YELLOW-S,400,shopify,100,deny,manual,1590,,TRUE,TRUE,,https://img201.savana.com/goods-pic/333e638ec41a42419b266e9b451d665a_w1440_q90,1,Embroidered A-Line Dress - Yellow,FALSE,Embroidered A-Line Dress,"Buy Embroidered A-Line Dress online in Yellow. Sizes S, M, L, XL. Free shipping & 7 days easy returns. Delivery in 3-10 days.",Apparel & Accessories > Clothing > Dresses,Female,Adult,new,https://img201.savana.com/goods-pic/333e638ec41a42419b266e9b451d665a_w1440_q90,kg,active
embroidered-a-line-dress-2271892,,,,,,,,Size,M,Color,Yellow,SAV-2271892-YELLOW-M,400,shopify,100,deny,manual,1590,,TRUE,TRUE,,,,,,,,,,,,https://img201.savana.com/goods-pic/333e638ec41a42419b266e9b451d665a_w1440_q90,kg,active
embroidered-a-line-dress-2271892,,,,,,,,Size,L,Color,Yellow,SAV-2271892-YELLOW-L,400,shopify,100,deny,manual,1590,,TRUE,TRUE,,,,,,,,,,,,https://img201.savana.com/goods-pic/333e638ec41a42419b266e9b451d665a_w1440_q90,kg,active
embroidered-a-line-dress-2271892,,,,,,,,Size,XL,Color,Yellow,SAV-2271892-YELLOW-XL,400,shopify,100,deny,manual,1590,,TRUE,TRUE,,,,,,,,,,,,https://img201.savana.com/goods-pic/333e638ec41a42419b266e9b451d665a_w1440_q90,kg,active
embroidered-a-line-dress-2271892,,,,,,,,,,,,,,,,,,,,,,,https://img201.savana.com/goods-pic/3c85f2dfcf8448df8197d1905d987bea_w1440_q90,2,Embroidered A-Line Dress,,,,,,,,,,
embroidered-a-line-dress-2271892,,,,,,,,,,,,,,,,,,,,,,,https://img201.savana.com/goods-pic/f317633de5cb45598839c560f16a3571_w1440_q90,3,Embroidered A-Line Dress,,,,,,,,,,
embroidered-a-line-dress-2271892,,,,,,,,,,,,,,,,,,,,,,,https://img201.savana.com/goods-pic/81827de435f74013a7c64bd840593de2_w1440_q90,4,Embroidered A-Line Dress,,,,,,,,,,
embroidered-a-line-dress-2271892,,,,,,,,,,,,,,,,,,,,,,,https://img201.savana.com/goods-pic/7344b6b4e25849f4a2f254c7ecd7ad16_w1440_q90,5,Embroidered A-Line Dress,,,,,,,,,,
embroidered-a-line-dress-2271892,,,,,,,,,,,,,,,,,,,,,,,https://img201.savana.com/goods-pic/2c7da26841bc4315a56e8080d5af49e1_w1440_q90,6,Embroidered A-Line Dress,,,,,,,,,,
gathered-a-line-dress-2289332,Gathered A-Line Dress,"<p><strong>Color:</strong> Red</p>
<p><strong>Available Sizes:</strong> S, M, L, XL</p>
<p>Elegant <strong>Gathered A-Line Dress</strong> — perfect for parties, evenings out, dates and special occasions.</p>
<p>✓ 7 days easy return &amp; exchange<br/>
✓ Free shipping available<br/>
✓ Delivery in 3-10 days<br/>
✓ Cash on delivery available</p>",,Apparel & Accessories > Clothing > Dresses,Dress,"dress,women,red,party wear",TRUE,Size,S,Color,Red,SAV-2289332-RED-S,400,shopify,100,deny,manual,834,1390,TRUE,TRUE,,https://img201.savana.com/goods-pic/154f1c30310344748fcbdcd85e1250f5_w1440_q90,1,Gathered A-Line Dress - Red,FALSE,Gathered A-Line Dress,"Buy Gathered A-Line Dress online in Red. Sizes S, M, L, XL. Free shipping & 7 days easy returns. Delivery in 3-10 days.",Apparel & Accessories > Clothing > Dresses,Female,Adult,new,https://img201.savana.com/goods-pic/154f1c30310344748fcbdcd85e1250f5_w1440_q90,kg,active
gathered-a-line-dress-2289332,,,,,,,,Size,M,Color,Red,SAV-2289332-RED-M,400,shopify,100,deny,manual,834,1390,TRUE,TRUE,,,,,,,,,,,,https://img201.savana.com/goods-pic/154f1c30310344748fcbdcd85e1250f5_w1440_q90,kg,active
gathered-a-line-dress-2289332,,,,,,,,Size,L,Color,Red,SAV-2289332-RED-L,400,shopify,100,deny,manual,834,1390,TRUE,TRUE,,,,,,,,,,,,https://img201.savana.com/goods-pic/154f1c30310344748fcbdcd85e1250f5_w1440_q90,kg,active
gathered-a-line-dress-2289332,,,,,,,,Size,XL,Color,Red,SAV-2289332-RED-XL,400,shopify,100,deny,manual,834,1390,TRUE,TRUE,,,,,,,,,,,,https://img201.savana.com/goods-pic/154f1c30310344748fcbdcd85e1250f5_w1440_q90,kg,active
gathered-a-line-dress-2289332,,,,,,,,,,,,,,,,,,,,,,,https://img201.savana.com/goods-pic/5ef6a1292d444fb895bb11a75b52255c_w1440_q90,2,Gathered A-Line Dress,,,,,,,,,,
gathered-a-line-dress-2289332,,,,,,,,,,,,,,,,,,,,,,,https://img201.savana.com/goods-pic/0a5a91bc088b4ec8b1bbb8676665fd8a_w1440_q90,3,Gathered A-Line Dress,,,,,,,,,,
gathered-a-line-dress-2289332,,,,,,,,,,,,,,,,,,,,,,,https://img201.savana.com/goods-pic/717a495781ee4625952dfc45e9373116_w1440_q90,4,Gathered A-Line Dress,,,,,,,,,,
gathered-a-line-dress-2289332,,,,,,,,,,,,,,,,,,,,,,,https://img201.savana.com/goods-pic/e23bf4a40a6749bfac8b87cfd2ece558_w1440_q90,5,Gathered A-Line Dress,,,,,,,,,,
gathered-a-line-dress-2289332,,,,,,,,,,,,,,,,,,,,,,,https://img201.savana.com/goods-pic/c4c025cb11204214a5d300e91470b9a7_w1440_q90,6,Gathered A-Line Dress,,,,,,,,,,
gathered-a-line-dress-2289332,,,,,,,,,,,,,,,,,,,,,,,https://img201.savana.com/goods-pic/3cf6e2a53f3c4158be4a94991a36e963_w1440_q90,7,Gathered A-Line Dress,,,,,,,,,,
sheer-a-line-dress-2293422,Sheer A-Line Dress,"<p><strong>Color:</strong> Black</p>
<p><strong>Available Sizes:</strong> S, M, L, XL</p>
<p>Elegant <strong>Sheer A-Line Dress</strong> — perfect for parties, evenings out, dates and special occasions.</p>
<p>✓ 7 days easy return &amp; exchange<br/>
✓ Free shipping available<br/>
✓ Delivery in 3-10 days<br/>
✓ Cash on delivery available</p>",,Apparel & Accessories > Clothing > Dresses,Dress,"dress,women,black,party wear",TRUE,Size,S,Color,Black,SAV-2293422-BLACK-S,400,shopify,100,deny,manual,1043,1490,TRUE,TRUE,,https://img201.savana.com/goods-pic/f1551d734686483b91a12783a67da403_w1440_q90,1,Sheer A-Line Dress - Black,FALSE,Sheer A-Line Dress,"Buy Sheer A-Line Dress online in Black. Sizes S, M, L, XL. Free shipping & 7 days easy returns. Delivery in 3-10 days.",Apparel & Accessories > Clothing > Dresses,Female,Adult,new,https://img201.savana.com/goods-pic/f1551d734686483b91a12783a67da403_w1440_q90,kg,active
sheer-a-line-dress-2293422,,,,,,,,Size,M,Color,Black,SAV-2293422-BLACK-M,400,shopify,100,deny,manual,1043,1490,TRUE,TRUE,,,,,,,,,,,,https://img201.savana.com/goods-pic/f1551d734686483b91a12783a67da403_w1440_q90,kg,active
sheer-a-line-dress-2293422,,,,,,,,Size,L,Color,Black,SAV-2293422-BLACK-L,400,shopify,100,deny,manual,1043,1490,TRUE,TRUE,,,,,,,,,,,,https://img201.savana.com/goods-pic/f1551d734686483b91a12783a67da403_w1440_q90,kg,active
sheer-a-line-dress-2293422,,,,,,,,Size,XL,Color,Black,SAV-2293422-BLACK-XL,400,shopify,100,deny,manual,1043,1490,TRUE,TRUE,,,,,,,,,,,,https://img201.savana.com/goods-pic/f1551d734686483b91a12783a67da403_w1440_q90,kg,active
sheer-a-line-dress-2293422,,,,,,,,,,,,,,,,,,,,,,,https://img201.savana.com/goods-pic/ee2af97e26a24607b08a85a8c20a4770_w1440_q90,2,Sheer A-Line Dress,,,,,,,,,,
sheer-a-line-dress-2293422,,,,,,,,,,,,,,,,,,,,,,,https://img201.savana.com/goods-pic/d4b7ea3a7c62400b968b5e5dc4dac539_w1440_q90,3,Sheer A-Line Dress,,,,,,,,,,
sheer-a-line-dress-2293422,,,,,,,,,,,,,,,,,,,,,,,https://img201.savana.com/goods-pic/848b1539cc0d47debf76fbb53041b26e_w1440_q90,4,Sheer A-Line Dress,,,,,,,,,,
sheer-a-line-dress-2293422,,,,,,,,,,,,,,,,,,,,,,,https://img201.savana.com/goods-pic/ba08cc7649fe4aabbf3f1996dc04f0e1_w1440_q90,5,Sheer A-Line Dress,,,,,,,,,,
a-line-dress-2293502,A-Line Dress,"<p><strong>Color:</strong> Light Blue</p>
<p><strong>Available Sizes:</strong> S, M, L, XL</p>
<p>Elegant <strong>A-Line Dress</strong> — perfect for parties, evenings out, dates and special occasions.</p>
<p>✓ 7 days easy return &amp; exchange<br/>
✓ Free shipping available<br/>
✓ Delivery in 3-10 days<br/>
✓ Cash on delivery available</p>",,Apparel & Accessories > Clothing > Dresses,Dress,"dress,women,light-blue,party wear",TRUE,Size,S,Color,Light Blue,SAV-2293502-LIGHT-BLUE-S,400,shopify,100,deny,manual,1098,1690,TRUE,TRUE,,https://img201.savana.com/goods-pic/c771414cbfcf4db1a98240f2b13f6a13_w1440_q90,1,A-Line Dress - Light Blue,FALSE,A-Line Dress,"Buy A-Line Dress online in Light Blue. Sizes S, M, L, XL. Free shipping & 7 days easy returns. Delivery in 3-10 days.",Apparel & Accessories > Clothing > Dresses,Female,Adult,new,https://img201.savana.com/goods-pic/c771414cbfcf4db1a98240f2b13f6a13_w1440_q90,kg,active
a-line-dress-2293502,,,,,,,,Size,M,Color,Light Blue,SAV-2293502-LIGHT-BLUE-M,400,shopify,100,deny,manual,1098,1690,TRUE,TRUE,,,,,,,,,,,,https://img201.savana.com/goods-pic/c771414cbfcf4db1a98240f2b13f6a13_w1440_q90,kg,active
a-line-dress-2293502,,,,,,,,Size,L,Color,Light Blue,SAV-2293502-LIGHT-BLUE-L,400,shopify,100,deny,manual,1098,1690,TRUE,TRUE,,,,,,,,,,,,https://img201.savana.com/goods-pic/c771414cbfcf4db1a98240f2b13f6a13_w1440_q90,kg,active
a-line-dress-2293502,,,,,,,,Size,XL,Color,Light Blue,SAV-2293502-LIGHT-BLUE-XL,400,shopify,100,deny,manual,1098,1690,TRUE,TRUE,,,,,,,,,,,,https://img201.savana.com/goods-pic/c771414cbfcf4db1a98240f2b13f6a13_w1440_q90,kg,active
a-line-dress-2293502,,,,,,,,,,,,,,,,,,,,,,,https://img201.savana.com/goods-pic/623f65edc34e4c62a8656e690b0b5cd0_w1440_q90,2,A-Line Dress,,,,,,,,,,
a-line-dress-2293502,,,,,,,,,,,,,,,,,,,,,,,https://img201.savana.com/goods-pic/f7a8e2541f314468a8e704163467c967_w1440_q90,3,A-Line Dress,,,,,,,,,,
a-line-dress-2293502,,,,,,,,,,,,,,,,,,,,,,,https://img201.savana.com/goods-pic/06da2c59dbf244e8af0cc633cb7f1e08_w1440_q90,4,A-Line Dress,,,,,,,,,,
a-line-dress-2293502,,,,,,,,,,,,,,,,,,,,,,,https://img201.savana.com/goods-pic/6b366954ff3c47be8781f8974ff9a7ed_w1440_q90,5,A-Line Dress,,,,,,,,,,
a-line-dress-2293502,,,,,,,,,,,,,,,,,,,,,,,https://img201.savana.com/goods-pic/bdedf48ab5ec4ef2b7a40559d6ee18c8_w1440_q90,6,A-Line Dress,,,,,,,,,,
a-line-dress-2293502,,,,,,,,,,,,,,,,,,,,,,,https://img201.savana.com/goods-pic/3d7da604c5794672acafc218e46df5b6_w1440_q90,7,A-Line Dress,,,,,,,,,,
a-line-dress-2293502,,,,,,,,,,,,,,,,,,,,,,,https://img201.savana.com/goods-pic/f7e40ef6076f4a31aec14e480c5ce6a0_w1440_q90,8,A-Line Dress,,,,,,,,,,
ruffle-a-line-dress-2296342,Ruffle A-Line Dress,"<p><strong>Color:</strong> Pink</p>
<p><strong>Available Sizes:</strong> S, M, L, XL</p>
<p>Elegant <strong>Ruffle A-Line Dress</strong> — perfect for parties, evenings out, dates and special occasions.</p>
<p>✓ 7 days easy return &amp; exchange<br/>
✓ Free shipping available<br/>
✓ Delivery in 3-10 days<br/>
✓ Cash on delivery available</p>",,Apparel & Accessories > Clothing > Dresses,Dress,"dress,women,pink,party wear",TRUE,Size,S,Color,Pink,SAV-2296342-PINK-S,400,shopify,100,deny,manual,1590,,TRUE,TRUE,,https://img201.savana.com/goods-pic/3d64ddb3fcc74c60b574d7bcff560029_w1440_q90,1,Ruffle A-Line Dress - Pink,FALSE,Ruffle A-Line Dress,"Buy Ruffle A-Line Dress online in Pink. Sizes S, M, L, XL. Free shipping & 7 days easy returns. Delivery in 3-10 days.",Apparel & Accessories > Clothing > Dresses,Female,Adult,new,https://img201.savana.com/goods-pic/3d64ddb3fcc74c60b574d7bcff560029_w1440_q90,kg,active
ruffle-a-line-dress-2296342,,,,,,,,Size,M,Color,Pink,SAV-2296342-PINK-M,400,shopify,100,deny,manual,1590,,TRUE,TRUE,,,,,,,,,,,,https://img201.savana.com/goods-pic/3d64ddb3fcc74c60b574d7bcff560029_w1440_q90,kg,active
ruffle-a-line-dress-2296342,,,,,,,,Size,L,Color,Pink,SAV-2296342-PINK-L,400,shopify,100,deny,manual,1590,,TRUE,TRUE,,,,,,,,,,,,https://img201.savana.com/goods-pic/3d64ddb3fcc74c60b574d7bcff560029_w1440_q90,kg,active
ruffle-a-line-dress-2296342,,,,,,,,Size,XL,Color,Pink,SAV-2296342-PINK-XL,400,shopify,100,deny,manual,1590,,TRUE,TRUE,,,,,,,,,,,,https://img201.savana.com/goods-pic/3d64ddb3fcc74c60b574d7bcff560029_w1440_q90,kg,active
ruffle-a-line-dress-2296342,,,,,,,,,,,,,,,,,,,,,,,https://img201.savana.com/goods-pic/5d0f5fcd491e4fc0bc87d812b1647415_w1440_q90,2,Ruffle A-Line Dress,,,,,,,,,,
ruffle-a-line-dress-2296342,,,,,,,,,,,,,,,,,,,,,,,https://img201.savana.com/goods-pic/c23f2fec5e3d47529db238b32cd1c09b_w1440_q90,3,Ruffle A-Line Dress,,,,,,,,,,
ruffle-a-line-dress-2296342,,,,,,,,,,,,,,,,,,,,,,,https://img201.savana.com/goods-pic/b1d18c956a1346a2a68d4ae91ccfdb09_w1440_q90,4,Ruffle A-Line Dress,,,,,,,,,,
ruffle-a-line-dress-2296342,,,,,,,,,,,,,,,,,,,,,,,https://img201.savana.com/goods-pic/84a88160d7f4485980c6943a8c6b10f8_w1440_q90,5,Ruffle A-Line Dress,,,,,,,,,,
ruffle-a-line-dress-2296342,,,,,,,,,,,,,,,,,,,,,,,https://img201.savana.com/goods-pic/e5dc518854894ebf8cca710eac183c92_w1440_q90,6,Ruffle A-Line Dress,,,,,,,,,,
ruffle-a-line-dress-2296342,,,,,,,,,,,,,,,,,,,,,,,https://img201.savana.com/goods-pic/7e4df85835ec415288b66e5d203c6837_w1440_q90,7,Ruffle A-Line Dress,,,,,,,,,,
ruffle-a-line-dress-2296342,,,,,,,,,,,,,,,,,,,,,,,https://img201.savana.com/goods-pic/2a43f56b171540c9b07f6dabc3686c4b_w1440_q90,8,Ruffle A-Line Dress,,,,,,,,,,
ruffle-bodycon-dress-2297832,Ruffle Bodycon Dress,"<p><strong>Color:</strong> Green</p>
<p><strong>Available Sizes:</strong> S, M, L, XL</p>
<p>Elegant <strong>Ruffle Bodycon Dress</strong> — perfect for parties, evenings out, dates and special occasions.</p>
<p>✓ 7 days easy return &amp; exchange<br/>
✓ Free shipping available<br/>
✓ Delivery in 3-10 days<br/>
✓ Cash on delivery available</p>",,Apparel & Accessories > Clothing > Dresses,Dress,"dress,women,green,party wear",TRUE,Size,S,Color,Green,SAV-2297832-GREEN-S,400,shopify,100,deny,manual,1266,1490,TRUE,TRUE,,https://img201.savana.com/goods-pic/58de90c0b0a94635a58115652490ca9f_w1440_q90,1,Ruffle Bodycon Dress - Green,FALSE,Ruffle Bodycon Dress,"Buy Ruffle Bodycon Dress online in Green. Sizes S, M, L, XL. Free shipping & 7 days easy returns. Delivery in 3-10 days.",Apparel & Accessories > Clothing > Dresses,Female,Adult,new,https://img201.savana.com/goods-pic/58de90c0b0a94635a58115652490ca9f_w1440_q90,kg,active
ruffle-bodycon-dress-2297832,,,,,,,,Size,M,Color,Green,SAV-2297832-GREEN-M,400,shopify,100,deny,manual,1266,1490,TRUE,TRUE,,,,,,,,,,,,https://img201.savana.com/goods-pic/58de90c0b0a94635a58115652490ca9f_w1440_q90,kg,active
ruffle-bodycon-dress-2297832,,,,,,,,Size,L,Color,Green,SAV-2297832-GREEN-L,400,shopify,100,deny,manual,1266,1490,TRUE,TRUE,,,,,,,,,,,,https://img201.savana.com/goods-pic/58de90c0b0a94635a58115652490ca9f_w1440_q90,kg,active
ruffle-bodycon-dress-2297832,,,,,,,,Size,XL,Color,Green,SAV-2297832-GREEN-XL,400,shopify,100,deny,manual,1266,1490,TRUE,TRUE,,,,,,,,,,,,https://img201.savana.com/goods-pic/58de90c0b0a94635a58115652490ca9f_w1440_q90,kg,active
ruffle-bodycon-dress-2297832,,,,,,,,,,,,,,,,,,,,,,,https://img201.savana.com/goods-pic/9ec51974538c42fc9f07dca30fd119c1_w1440_q90,2,Ruffle Bodycon Dress,,,,,,,,,,
ruffle-bodycon-dress-2297832,,,,,,,,,,,,,,,,,,,,,,,https://img201.savana.com/goods-pic/3a96c649695a492e8219c94a699dcdf7_w1440_q90,3,Ruffle Bodycon Dress,,,,,,,,,,
ruffle-bodycon-dress-2305582,Ruffle Bodycon Dress,"<p><strong>Color:</strong> Apricot</p>
<p><strong>Available Sizes:</strong> XS, S, M, L, XL</p>
<p>Elegant <strong>Ruffle Bodycon Dress</strong> — perfect for parties, evenings out, dates and special occasions.</p>
<p>✓ 7 days easy return &amp; exchange<br/>
✓ Free shipping available<br/>
✓ Delivery in 3-10 days<br/>
✓ Cash on delivery available</p>",,Apparel & Accessories > Clothing > Dresses,Dress,"dress,women,apricot,party wear",TRUE,Size,XS,Color,Apricot,SAV-2305582-APRICOT-XS,400,shopify,100,deny,manual,1342,1790,TRUE,TRUE,,https://img201.savana.com/goods-pic/af05fadb9f1d4df8b0cb82b7d21313d1_w1440_q90,1,Ruffle Bodycon Dress - Apricot,FALSE,Ruffle Bodycon Dress,"Buy Ruffle Bodycon Dress online in Apricot. Sizes XS, S, M, L, XL. Free shipping & 7 days easy returns. Delivery in 3-10 days.",Apparel & Accessories > Clothing > Dresses,Female,Adult,new,https://img201.savana.com/goods-pic/af05fadb9f1d4df8b0cb82b7d21313d1_w1440_q90,kg,active
ruffle-bodycon-dress-2305582,,,,,,,,Size,S,Color,Apricot,SAV-2305582-APRICOT-S,400,shopify,100,deny,manual,1342,1790,TRUE,TRUE,,,,,,,,,,,,https://img201.savana.com/goods-pic/af05fadb9f1d4df8b0cb82b7d21313d1_w1440_q90,kg,active
ruffle-bodycon-dress-2305582,,,,,,,,Size,M,Color,Apricot,SAV-2305582-APRICOT-M,400,shopify,100,deny,manual,1342,1790,TRUE,TRUE,,,,,,,,,,,,https://img201.savana.com/goods-pic/af05fadb9f1d4df8b0cb82b7d21313d1_w1440_q90,kg,active
ruffle-bodycon-dress-2305582,,,,,,,,Size,L,Color,Apricot,SAV-2305582-APRICOT-L,400,shopify,100,deny,manual,1342,1790,TRUE,TRUE,,,,,,,,,,,,https://img201.savana.com/goods-pic/af05fadb9f1d4df8b0cb82b7d21313d1_w1440_q90,kg,active
ruffle-bodycon-dress-2305582,,,,,,,,Size,XL,Color,Apricot,SAV-2305582-APRICOT-XL,400,shopify,100,deny,manual,1342,1790,TRUE,TRUE,,,,,,,,,,,,https://img201.savana.com/goods-pic/af05fadb9f1d4df8b0cb82b7d21313d1_w1440_q90,kg,active
ruffle-bodycon-dress-2305582,,,,,,,,,,,,,,,,,,,,,,,https://img201.savana.com/goods-pic/8eba9f29eaa94c86ab5e2ccab19eb578_w1440_q90,2,Ruffle Bodycon Dress,,,,,,,,,,
ruffle-bodycon-dress-2305582,,,,,,,,,,,,,,,,,,,,,,,https://img201.savana.com/goods-pic/d26ca739ba114d819a08b228afeb85d8_w1440_q90,3,Ruffle Bodycon Dress,,,,,,,,,,
ruffle-bodycon-dress-2305582,,,,,,,,,,,,,,,,,,,,,,,https://img201.savana.com/goods-pic/4c8a741df94c4cfdb36c9305f1ddd007_w1440_q90,4,Ruffle Bodycon Dress,,,,,,,,,,
ruffle-bodycon-dress-2305582,,,,,,,,,,,,,,,,,,,,,,,https://img201.savana.com/goods-pic/1a14708567a741088100753eecd9ab8f_w1440_q90,5,Ruffle Bodycon Dress,,,,,,,,,,
ruffle-bodycon-dress-2305582,,,,,,,,,,,,,,,,,,,,,,,https://img201.savana.com/goods-pic/1c1f2efc966f4729be7a80e5c80fe723_w1440_q90,6,Ruffle Bodycon Dress,,,,,,,,,,
ruffle-bodycon-dress-2305582,,,,,,,,,,,,,,,,,,,,,,,https://img201.savana.com/goods-pic/73fa723d822c4a56a30a0df5dbd0f93a_w1440_q90,7,Ruffle Bodycon Dress,,,,,,,,,,